"trial_name","rt","stimulus","response","trial_type","trial_index","plugin_version","time_elapsed","participant_id","counterbalance_list","study_name","prolific_pid","prolific_study_id","prolific_session_id","recruitment_platform","consented","success","timeout","failed_images","failed_audio","failed_video","view_history","fact_id","clip_code","item_number","statement_text","truth_code","truth_value","stimulus_set","is_filler","speaker_id","speaker_label","accent_group","audio_path","slider_start","participant_truth_rating_cm","participant_judgment","truth_scale_min_cm","truth_scale_max_cm","truth_scale_left_label","truth_scale_right_label"
"consent","6747","
    <div class=""study-box"">
      <h1>Consent Form</h1>
      <p>You are invited to take part in a study about how people evaluate spoken information.</p>
      <p>In this study, you will listen to short audio recordings and rate how true you think each statement is on a continuous scale from <strong>definitely false</strong> to <strong>definitely true</strong>.</p>
      <p>Your responses and reaction times will be recorded. You may stop at any time by closing the browser window.</p>
      <p>By clicking <strong>I consent</strong>, you confirm that you are at least 18 years old, that you understand what participation involves, and that you agree to take part.</p>
    </div>
  ","0","html-button-response","0","2.1.0","6798","axd8ghyc","1","accent_credibility_four_speakers","65ce8383935f026846d9171f","6a064f16ef0a871ecfc750ec","6a065014b838f8270639a66d","prolific","true","","","","","","","","","","","","","","","","","","","","","","","","",""
"","","","","preload","2","2.1.0","7808","axd8ghyc","1","accent_credibility_four_speakers","65ce8383935f026846d9171f","6a064f16ef0a871ecfc750ec","6a065014b838f8270639a66d","prolific","","true","false","[]","[]","[]","","","","","","","","","","","","","","","","","","","",""
"instructions","80379","","","instructions","3","2.1.0","88196","axd8ghyc","1","accent_credibility_four_speakers","65ce8383935f026846d9171f","6a064f16ef0a871ecfc750ec","6a065014b838f8270639a66d","prolific","","","","","","","[{""page_index"":0,""viewing_time"":9925},{""page_index"":1,""viewing_time"":9343},{""page_index"":2,""viewing_time"":10544},{""page_index"":3,""viewing_time"":19237},{""page_index"":4,""viewing_time"":31317}]","","","","","","","","","","","","","","","","","","",""
"practice_intro","8045","
        <div class=""study-box center-text"">
          <h2>Listening Practice Trial</h2>
          <p>You are about to complete one listening practice trial.</p>
          <p>Listen to the recording and rate how true the statement seems on the continuous scale, just like you will in the experiment.</p>
          <p>This trial is only for practice.</p>
        </div>
      ","0","html-button-response","9","2.1.0","200021","axd8ghyc","1","accent_credibility_four_speakers","65ce8383935f026846d9171f","6a064f16ef0a871ecfc750ec","6a065014b838f8270639a66d","prolific","","","","","","","","","","","","","","","","","","","","","","","","","",""
"audio_presentation","null","audio/filler_talker/7brghu4wnv_F19T_audio.webm","null","audio-keyboard-response","10","2.1.1","205233","axd8ghyc","1","accent_credibility_four_speakers","65ce8383935f026846d9171f","6a064f16ef0a871ecfc750ec","6a065014b838f8270639a66d","prolific","","","","","","","","F19","F19T","19","Audio item F19","T","true","practice","true","filler_talker","Filler Talker","filler","audio/filler_talker/7brghu4wnv_F19T_audio.webm","","","","","","",""
"truth_judgment","5798","
    <div class=""study-box center-text truth-scale-trial"">
      <div class=""big-question"">How true do you think the statement you just heard is?</div>
    </div>
  ","11","html-slider-response","11","2.1.0","211052","axd8ghyc","1","accent_credibility_four_speakers","65ce8383935f026846d9171f","6a064f16ef0a871ecfc750ec","6a065014b838f8270639a66d","prolific","","","","","","","","F19","F19T","19","Audio item F19","T","true","practice","true","filler_talker","Filler Talker","filler","audio/filler_talker/7brghu4wnv_F19T_audio.webm","7","11","11","0","14","definitely false","definitely true"
"practice_complete","27247","
        <div class=""study-box center-text"">
          <h2>Practice Complete</h2>
          <p>You have finished the practice trial.</p>
          <p>The actual experiment will begin next.</p>
        </div>
      ","0","html-button-response","12","2.1.0","238315","axd8ghyc","1","accent_credibility_four_speakers","65ce8383935f026846d9171f","6a064f16ef0a871ecfc750ec","6a065014b838f8270639a66d","prolific","","","","","","","","","","","","","","","","","","","","","","","","","",""
"audio_presentation","null","audio/non_native_1/6bqg3s4g4q_11F_audio.webm","null","audio-keyboard-response","13","2.1.1","246425","axd8ghyc","1","accent_credibility_four_speakers","65ce8383935f026846d9171f","6a064f16ef0a871ecfc750ec","6a065014b838f8270639a66d","prolific","","","","","","","","11","11F","11","Audio item 11","F","false","main","false","non_native_1","Non-native Speaker 1","non_native","audio/non_native_1/6bqg3s4g4q_11F_audio.webm","","","","","","",""
"truth_judgment","4675","
    <div class=""study-box center-text truth-scale-trial"">
      <div class=""big-question"">How true do you think the statement you just heard is?</div>
    </div>
  ","3","html-slider-response","14","2.1.0","251128","axd8ghyc","1","accent_credibility_four_speakers","65ce8383935f026846d9171f","6a064f16ef0a871ecfc750ec","6a065014b838f8270639a66d","prolific","","","","","","","","11","11F","11","Audio item 11","F","false","main","false","non_native_1","Non-native Speaker 1","non_native","audio/non_native_1/6bqg3s4g4q_11F_audio.webm","7","3","3","0","14","definitely false","definitely true"
"audio_presentation","null","audio/native_2/6nhu1nbwba_18F_audio.webm","null","audio-keyboard-response","15","2.1.1","255623","axd8ghyc","1","accent_credibility_four_speakers","65ce8383935f026846d9171f","6a064f16ef0a871ecfc750ec","6a065014b838f8270639a66d","prolific","","","","","","","","18","18F","18","Audio item 18","F","false","main","false","native_2","Native Speaker 2","native","audio/native_2/6nhu1nbwba_18F_audio.webm","","","","","","",""
"truth_judgment","3197","
    <div class=""study-box center-text truth-scale-trial"">
      <div class=""big-question"">How true do you think the statement you just heard is?</div>
    </div>
  ","13","html-slider-response","16","2.1.0","258822","axd8ghyc","1","accent_credibility_four_speakers","65ce8383935f026846d9171f","6a064f16ef0a871ecfc750ec","6a065014b838f8270639a66d","prolific","","","","","","","","18","18F","18","Audio item 18","F","false","main","false","native_2","Native Speaker 2","native","audio/native_2/6nhu1nbwba_18F_audio.webm","7","13","13","0","14","definitely false","definitely true"
"audio_presentation","null","audio/native_1/ha77v84840_25T_audio.webm","null","audio-keyboard-response","17","2.1.1","262132","axd8ghyc","1","accent_credibility_four_speakers","65ce8383935f026846d9171f","6a064f16ef0a871ecfc750ec","6a065014b838f8270639a66d","prolific","","","","","","","","25","25T","25","Audio item 25","T","true","main","false","native_1","Native Speaker 1","native","audio/native_1/ha77v84840_25T_audio.webm","","","","","","",""
"truth_judgment","4112","
    <div class=""study-box center-text truth-scale-trial"">
      <div class=""big-question"">How true do you think the statement you just heard is?</div>
    </div>
  ","1","html-slider-response","18","2.1.0","266246","axd8ghyc","1","accent_credibility_four_speakers","65ce8383935f026846d9171f","6a064f16ef0a871ecfc750ec","6a065014b838f8270639a66d","prolific","","","","","","","","25","25T","25","Audio item 25","T","true","main","false","native_1","Native Speaker 1","native","audio/native_1/ha77v84840_25T_audio.webm","7","1","1","0","14","definitely false","definitely true"
"audio_presentation","null","audio/native_1/ha77v84840_21T_audio.webm","null","audio-keyboard-response","19","2.1.1","271705","axd8ghyc","1","accent_credibility_four_speakers","65ce8383935f026846d9171f","6a064f16ef0a871ecfc750ec","6a065014b838f8270639a66d","prolific","","","","","","","","21","21T","21","Audio item 21","T","true","main","false","native_1","Native Speaker 1","native","audio/native_1/ha77v84840_21T_audio.webm","","","","","","",""
"truth_judgment","3178","
    <div class=""study-box center-text truth-scale-trial"">
      <div class=""big-question"">How true do you think the statement you just heard is?</div>
    </div>
  ","13","html-slider-response","20","2.1.0","274886","axd8ghyc","1","accent_credibility_four_speakers","65ce8383935f026846d9171f","6a064f16ef0a871ecfc750ec","6a065014b838f8270639a66d","prolific","","","","","","","","21","21T","21","Audio item 21","T","true","main","false","native_1","Native Speaker 1","native","audio/native_1/ha77v84840_21T_audio.webm","7","13","13","0","14","definitely false","definitely true"
"audio_presentation","null","audio/non_native_1/6bqg3s4g4q_19T_audio.webm","null","audio-keyboard-response","21","2.1.1","277472","axd8ghyc","1","accent_credibility_four_speakers","65ce8383935f026846d9171f","6a064f16ef0a871ecfc750ec","6a065014b838f8270639a66d","prolific","","","","","","","","19","19T","19","Audio item 19","T","true","main","false","non_native_1","Non-native Speaker 1","non_native","audio/non_native_1/6bqg3s4g4q_19T_audio.webm","","","","","","",""
"truth_judgment","5652","
    <div class=""study-box center-text truth-scale-trial"">
      <div class=""big-question"">How true do you think the statement you just heard is?</div>
    </div>
  ","9","html-slider-response","22","2.1.0","283125","axd8ghyc","1","accent_credibility_four_speakers","65ce8383935f026846d9171f","6a064f16ef0a871ecfc750ec","6a065014b838f8270639a66d","prolific","","","","","","","","19","19T","19","Audio item 19","T","true","main","false","non_native_1","Non-native Speaker 1","non_native","audio/non_native_1/6bqg3s4g4q_19T_audio.webm","7","9","9","0","14","definitely false","definitely true"
"audio_presentation","null","audio/non_native_2/2j7bwre4ol_24F_audio.webm","null","audio-keyboard-response","23","2.1.1","287863","axd8ghyc","1","accent_credibility_four_speakers","65ce8383935f026846d9171f","6a064f16ef0a871ecfc750ec","6a065014b838f8270639a66d","prolific","","","","","","","","24","24F","24","Audio item 24","F","false","main","false","non_native_2","Non-native Speaker 2","non_native","audio/non_native_2/2j7bwre4ol_24F_audio.webm","","","","","","",""
"truth_judgment","8997","
    <div class=""study-box center-text truth-scale-trial"">
      <div class=""big-question"">How true do you think the statement you just heard is?</div>
    </div>
  ","1","html-slider-response","24","2.1.0","296862","axd8ghyc","1","accent_credibility_four_speakers","65ce8383935f026846d9171f","6a064f16ef0a871ecfc750ec","6a065014b838f8270639a66d","prolific","","","","","","","","24","24F","24","Audio item 24","F","false","main","false","non_native_2","Non-native Speaker 2","non_native","audio/non_native_2/2j7bwre4ol_24F_audio.webm","7","1","1","0","14","definitely false","definitely true"
"audio_presentation","null","audio/non_native_2/2j7bwre4ol_28F_audio.webm","null","audio-keyboard-response","25","2.1.1","300833","axd8ghyc","1","accent_credibility_four_speakers","65ce8383935f026846d9171f","6a064f16ef0a871ecfc750ec","6a065014b838f8270639a66d","prolific","","","","","","","","28","28F","28","Audio item 28","F","false","main","false","non_native_2","Non-native Speaker 2","non_native","audio/non_native_2/2j7bwre4ol_28F_audio.webm","","","","","","",""
"truth_judgment","3322","
    <div class=""study-box center-text truth-scale-trial"">
      <div class=""big-question"">How true do you think the statement you just heard is?</div>
    </div>
  ","14","html-slider-response","26","2.1.0","304158","axd8ghyc","1","accent_credibility_four_speakers","65ce8383935f026846d9171f","6a064f16ef0a871ecfc750ec","6a065014b838f8270639a66d","prolific","","","","","","","","28","28F","28","Audio item 28","F","false","main","false","non_native_2","Non-native Speaker 2","non_native","audio/non_native_2/2j7bwre4ol_28F_audio.webm","7","14","14","0","14","definitely false","definitely true"
"audio_presentation","null","audio/non_native_2/2j7bwre4ol_4T_audio.webm","null","audio-keyboard-response","27","2.1.1","306625","axd8ghyc","1","accent_credibility_four_speakers","65ce8383935f026846d9171f","6a064f16ef0a871ecfc750ec","6a065014b838f8270639a66d","prolific","","","","","","","","4","4T","4","Audio item 4","T","true","main","false","non_native_2","Non-native Speaker 2","non_native","audio/non_native_2/2j7bwre4ol_4T_audio.webm","","","","","","",""
"truth_judgment","8666","
    <div class=""study-box center-text truth-scale-trial"">
      <div class=""big-question"">How true do you think the statement you just heard is?</div>
    </div>
  ","5","html-slider-response","28","2.1.0","315293","axd8ghyc","1","accent_credibility_four_speakers","65ce8383935f026846d9171f","6a064f16ef0a871ecfc750ec","6a065014b838f8270639a66d","prolific","","","","","","","","4","4T","4","Audio item 4","T","true","main","false","non_native_2","Non-native Speaker 2","non_native","audio/non_native_2/2j7bwre4ol_4T_audio.webm","7","5","5","0","14","definitely false","definitely true"
"audio_presentation","null","audio/filler_talker/7brghu4wnv_F1T_audio.webm","null","audio-keyboard-response","29","2.1.1","319674","axd8ghyc","1","accent_credibility_four_speakers","65ce8383935f026846d9171f","6a064f16ef0a871ecfc750ec","6a065014b838f8270639a66d","prolific","","","","","","","","F1","F1T","1","Audio item F1","T","true","filler","true","filler_talker","Filler Talker","filler","audio/filler_talker/7brghu4wnv_F1T_audio.webm","","","","","","",""
"truth_judgment","7194","
    <div class=""study-box center-text truth-scale-trial"">
      <div class=""big-question"">How true do you think the statement you just heard is?</div>
    </div>
  ","13","html-slider-response","30","2.1.0","326871","axd8ghyc","1","accent_credibility_four_speakers","65ce8383935f026846d9171f","6a064f16ef0a871ecfc750ec","6a065014b838f8270639a66d","prolific","","","","","","","","F1","F1T","1","Audio item F1","T","true","filler","true","filler_talker","Filler Talker","filler","audio/filler_talker/7brghu4wnv_F1T_audio.webm","7","13","13","0","14","definitely false","definitely true"
"audio_presentation","null","audio/filler_talker/7brghu4wnv_F9T_audio.webm","null","audio-keyboard-response","31","2.1.1","331264","axd8ghyc","1","accent_credibility_four_speakers","65ce8383935f026846d9171f","6a064f16ef0a871ecfc750ec","6a065014b838f8270639a66d","prolific","","","","","","","","F9","F9T","9","Audio item F9","T","true","filler","true","filler_talker","Filler Talker","filler","audio/filler_talker/7brghu4wnv_F9T_audio.webm","","","","","","",""
"truth_judgment","3724","
    <div class=""study-box center-text truth-scale-trial"">
      <div class=""big-question"">How true do you think the statement you just heard is?</div>
    </div>
  ","12","html-slider-response","32","2.1.0","334991","axd8ghyc","1","accent_credibility_four_speakers","65ce8383935f026846d9171f","6a064f16ef0a871ecfc750ec","6a065014b838f8270639a66d","prolific","","","","","","","","F9","F9T","9","Audio item F9","T","true","filler","true","filler_talker","Filler Talker","filler","audio/filler_talker/7brghu4wnv_F9T_audio.webm","7","12","12","0","14","definitely false","definitely true"
"audio_presentation","null","audio/native_2/6nhu1nbwba_30F_audio.webm","null","audio-keyboard-response","33","2.1.1","339264","axd8ghyc","1","accent_credibility_four_speakers","65ce8383935f026846d9171f","6a064f16ef0a871ecfc750ec","6a065014b838f8270639a66d","prolific","","","","","","","","30","30F","30","Audio item 30","F","false","main","false","native_2","Native Speaker 2","native","audio/native_2/6nhu1nbwba_30F_audio.webm","","","","","","",""
"truth_judgment","5051","
    <div class=""study-box center-text truth-scale-trial"">
      <div class=""big-question"">How true do you think the statement you just heard is?</div>
    </div>
  ","2","html-slider-response","34","2.1.0","344318","axd8ghyc","1","accent_credibility_four_speakers","65ce8383935f026846d9171f","6a064f16ef0a871ecfc750ec","6a065014b838f8270639a66d","prolific","","","","","","","","30","30F","30","Audio item 30","F","false","main","false","native_2","Native Speaker 2","native","audio/native_2/6nhu1nbwba_30F_audio.webm","7","2","2","0","14","definitely false","definitely true"
"audio_presentation","null","audio/non_native_2/2j7bwre4ol_16F_audio.webm","null","audio-keyboard-response","35","2.1.1","349183","axd8ghyc","1","accent_credibility_four_speakers","65ce8383935f026846d9171f","6a064f16ef0a871ecfc750ec","6a065014b838f8270639a66d","prolific","","","","","","","","16","16F","16","Audio item 16","F","false","main","false","non_native_2","Non-native Speaker 2","non_native","audio/non_native_2/2j7bwre4ol_16F_audio.webm","","","","","","",""
"truth_judgment","5100","
    <div class=""study-box center-text truth-scale-trial"">
      <div class=""big-question"">How true do you think the statement you just heard is?</div>
    </div>
  ","5","html-slider-response","36","2.1.0","354286","axd8ghyc","1","accent_credibility_four_speakers","65ce8383935f026846d9171f","6a064f16ef0a871ecfc750ec","6a065014b838f8270639a66d","prolific","","","","","","","","16","16F","16","Audio item 16","F","false","main","false","non_native_2","Non-native Speaker 2","non_native","audio/non_native_2/2j7bwre4ol_16F_audio.webm","7","5","5","0","14","definitely false","definitely true"
"audio_presentation","null","audio/native_2/6nhu1nbwba_26F_audio.webm","null","audio-keyboard-response","37","2.1.1","358182","axd8ghyc","1","accent_credibility_four_speakers","65ce8383935f026846d9171f","6a064f16ef0a871ecfc750ec","6a065014b838f8270639a66d","prolific","","","","","","","","26","26F","26","Audio item 26","F","false","main","false","native_2","Native Speaker 2","native","audio/native_2/6nhu1nbwba_26F_audio.webm","","","","","","",""
"truth_judgment","5501","
    <div class=""study-box center-text truth-scale-trial"">
      <div class=""big-question"">How true do you think the statement you just heard is?</div>
    </div>
  ","13","html-slider-response","38","2.1.0","363685","axd8ghyc","1","accent_credibility_four_speakers","65ce8383935f026846d9171f","6a064f16ef0a871ecfc750ec","6a065014b838f8270639a66d","prolific","","","","","","","","26","26F","26","Audio item 26","F","false","main","false","native_2","Native Speaker 2","native","audio/native_2/6nhu1nbwba_26F_audio.webm","7","13","13","0","14","definitely false","definitely true"
"audio_presentation","null","audio/filler_talker/7brghu4wnv_F11T_audio.webm","null","audio-keyboard-response","39","2.1.1","368842","axd8ghyc","1","accent_credibility_four_speakers","65ce8383935f026846d9171f","6a064f16ef0a871ecfc750ec","6a065014b838f8270639a66d","prolific","","","","","","","","F11","F11T","11","Audio item F11","T","true","filler","true","filler_talker","Filler Talker","filler","audio/filler_talker/7brghu4wnv_F11T_audio.webm","","","","","","",""
"truth_judgment","6768","
    <div class=""study-box center-text truth-scale-trial"">
      <div class=""big-question"">How true do you think the statement you just heard is?</div>
    </div>
  ","5","html-slider-response","40","2.1.0","375613","axd8ghyc","1","accent_credibility_four_speakers","65ce8383935f026846d9171f","6a064f16ef0a871ecfc750ec","6a065014b838f8270639a66d","prolific","","","","","","","","F11","F11T","11","Audio item F11","T","true","filler","true","filler_talker","Filler Talker","filler","audio/filler_talker/7brghu4wnv_F11T_audio.webm","7","5","5","0","14","definitely false","definitely true"
"audio_presentation","null","audio/native_2/6nhu1nbwba_6T_audio.webm","null","audio-keyboard-response","41","2.1.1","381073","axd8ghyc","1","accent_credibility_four_speakers","65ce8383935f026846d9171f","6a064f16ef0a871ecfc750ec","6a065014b838f8270639a66d","prolific","","","","","","","","6","6T","6","Audio item 6","T","true","main","false","native_2","Native Speaker 2","native","audio/native_2/6nhu1nbwba_6T_audio.webm","","","","","","",""
"truth_judgment","6155","
    <div class=""study-box center-text truth-scale-trial"">
      <div class=""big-question"">How true do you think the statement you just heard is?</div>
    </div>
  ","13","html-slider-response","42","2.1.0","387229","axd8ghyc","1","accent_credibility_four_speakers","65ce8383935f026846d9171f","6a064f16ef0a871ecfc750ec","6a065014b838f8270639a66d","prolific","","","","","","","","6","6T","6","Audio item 6","T","true","main","false","native_2","Native Speaker 2","native","audio/native_2/6nhu1nbwba_6T_audio.webm","7","13","13","0","14","definitely false","definitely true"
"audio_presentation","null","audio/filler_talker/7brghu4wnv_F2F_audio.webm","null","audio-keyboard-response","43","2.1.1","393052","axd8ghyc","1","accent_credibility_four_speakers","65ce8383935f026846d9171f","6a064f16ef0a871ecfc750ec","6a065014b838f8270639a66d","prolific","","","","","","","","F2","F2F","2","Audio item F2","F","false","filler","true","filler_talker","Filler Talker","filler","audio/filler_talker/7brghu4wnv_F2F_audio.webm","","","","","","",""
"truth_judgment","4344","
    <div class=""study-box center-text truth-scale-trial"">
      <div class=""big-question"">How true do you think the statement you just heard is?</div>
    </div>
  ","14","html-slider-response","44","2.1.0","397397","axd8ghyc","1","accent_credibility_four_speakers","65ce8383935f026846d9171f","6a064f16ef0a871ecfc750ec","6a065014b838f8270639a66d","prolific","","","","","","","","F2","F2F","2","Audio item F2","F","false","filler","true","filler_talker","Filler Talker","filler","audio/filler_talker/7brghu4wnv_F2F_audio.webm","7","14","14","0","14","definitely false","definitely true"
"audio_presentation","null","audio/native_2/6nhu1nbwba_34F_audio.webm","null","audio-keyboard-response","45","2.1.1","400462","axd8ghyc","1","accent_credibility_four_speakers","65ce8383935f026846d9171f","6a064f16ef0a871ecfc750ec","6a065014b838f8270639a66d","prolific","","","","","","","","34","34F","34","Audio item 34","F","false","main","false","native_2","Native Speaker 2","native","audio/native_2/6nhu1nbwba_34F_audio.webm","","","","","","",""
"truth_judgment","4277","
    <div class=""study-box center-text truth-scale-trial"">
      <div class=""big-question"">How true do you think the statement you just heard is?</div>
    </div>
  ","9","html-slider-response","46","2.1.0","404741","axd8ghyc","1","accent_credibility_four_speakers","65ce8383935f026846d9171f","6a064f16ef0a871ecfc750ec","6a065014b838f8270639a66d","prolific","","","","","","","","34","34F","34","Audio item 34","F","false","main","false","native_2","Native Speaker 2","native","audio/native_2/6nhu1nbwba_34F_audio.webm","7","9","9","0","14","definitely false","definitely true"
"audio_presentation","null","audio/native_2/6nhu1nbwba_10F_audio.webm","null","audio-keyboard-response","47","2.1.1","409012","axd8ghyc","1","accent_credibility_four_speakers","65ce8383935f026846d9171f","6a064f16ef0a871ecfc750ec","6a065014b838f8270639a66d","prolific","","","","","","","","10","10F","10","Audio item 10","F","false","main","false","native_2","Native Speaker 2","native","audio/native_2/6nhu1nbwba_10F_audio.webm","","","","","","",""
"truth_judgment","4095","
    <div class=""study-box center-text truth-scale-trial"">
      <div class=""big-question"">How true do you think the statement you just heard is?</div>
    </div>
  ","12","html-slider-response","48","2.1.0","413109","axd8ghyc","1","accent_credibility_four_speakers","65ce8383935f026846d9171f","6a064f16ef0a871ecfc750ec","6a065014b838f8270639a66d","prolific","","","","","","","","10","10F","10","Audio item 10","F","false","main","false","native_2","Native Speaker 2","native","audio/native_2/6nhu1nbwba_10F_audio.webm","7","12","12","0","14","definitely false","definitely true"
"audio_presentation","null","audio/native_1/ha77v84840_29T_audio.webm","null","audio-keyboard-response","49","2.1.1","418812","axd8ghyc","1","accent_credibility_four_speakers","65ce8383935f026846d9171f","6a064f16ef0a871ecfc750ec","6a065014b838f8270639a66d","prolific","","","","","","","","29","29T","29","Audio item 29","T","true","main","false","native_1","Native Speaker 1","native","audio/native_1/ha77v84840_29T_audio.webm","","","","","","",""
"truth_judgment","3727","
    <div class=""study-box center-text truth-scale-trial"">
      <div class=""big-question"">How true do you think the statement you just heard is?</div>
    </div>
  ","9","html-slider-response","50","2.1.0","422541","axd8ghyc","1","accent_credibility_four_speakers","65ce8383935f026846d9171f","6a064f16ef0a871ecfc750ec","6a065014b838f8270639a66d","prolific","","","","","","","","29","29T","29","Audio item 29","T","true","main","false","native_1","Native Speaker 1","native","audio/native_1/ha77v84840_29T_audio.webm","7","9","9","0","14","definitely false","definitely true"
"audio_presentation","null","audio/non_native_2/2j7bwre4ol_8T_audio.webm","null","audio-keyboard-response","51","2.1.1","427342","axd8ghyc","1","accent_credibility_four_speakers","65ce8383935f026846d9171f","6a064f16ef0a871ecfc750ec","6a065014b838f8270639a66d","prolific","","","","","","","","8","8T","8","Audio item 8","T","true","main","false","non_native_2","Non-native Speaker 2","non_native","audio/non_native_2/2j7bwre4ol_8T_audio.webm","","","","","","",""
"truth_judgment","9108","
    <div class=""study-box center-text truth-scale-trial"">
      <div class=""big-question"">How true do you think the statement you just heard is?</div>
    </div>
  ","9","html-slider-response","52","2.1.0","436453","axd8ghyc","1","accent_credibility_four_speakers","65ce8383935f026846d9171f","6a064f16ef0a871ecfc750ec","6a065014b838f8270639a66d","prolific","","","","","","","","8","8T","8","Audio item 8","T","true","main","false","non_native_2","Non-native Speaker 2","non_native","audio/non_native_2/2j7bwre4ol_8T_audio.webm","7","9","9","0","14","definitely false","definitely true"
"audio_presentation","null","audio/non_native_1/6bqg3s4g4q_35F_audio.webm","null","audio-keyboard-response","53","2.1.1","441551","axd8ghyc","1","accent_credibility_four_speakers","65ce8383935f026846d9171f","6a064f16ef0a871ecfc750ec","6a065014b838f8270639a66d","prolific","","","","","","","","35","35F","35","Audio item 35","F","false","main","false","non_native_1","Non-native Speaker 1","non_native","audio/non_native_1/6bqg3s4g4q_35F_audio.webm","","","","","","",""
"truth_judgment","6652","
    <div class=""study-box center-text truth-scale-trial"">
      <div class=""big-question"">How true do you think the statement you just heard is?</div>
    </div>
  ","4","html-slider-response","54","2.1.0","448205","axd8ghyc","1","accent_credibility_four_speakers","65ce8383935f026846d9171f","6a064f16ef0a871ecfc750ec","6a065014b838f8270639a66d","prolific","","","","","","","","35","35F","35","Audio item 35","F","false","main","false","non_native_1","Non-native Speaker 1","non_native","audio/non_native_1/6bqg3s4g4q_35F_audio.webm","7","4","4","0","14","definitely false","definitely true"
"audio_presentation","null","audio/non_native_2/2j7bwre4ol_20T_audio.webm","null","audio-keyboard-response","55","2.1.1","452461","axd8ghyc","1","accent_credibility_four_speakers","65ce8383935f026846d9171f","6a064f16ef0a871ecfc750ec","6a065014b838f8270639a66d","prolific","","","","","","","","20","20T","20","Audio item 20","T","true","main","false","non_native_2","Non-native Speaker 2","non_native","audio/non_native_2/2j7bwre4ol_20T_audio.webm","","","","","","",""
"truth_judgment","4430","
    <div class=""study-box center-text truth-scale-trial"">
      <div class=""big-question"">How true do you think the statement you just heard is?</div>
    </div>
  ","13","html-slider-response","56","2.1.0","456892","axd8ghyc","1","accent_credibility_four_speakers","65ce8383935f026846d9171f","6a064f16ef0a871ecfc750ec","6a065014b838f8270639a66d","prolific","","","","","","","","20","20T","20","Audio item 20","T","true","main","false","non_native_2","Non-native Speaker 2","non_native","audio/non_native_2/2j7bwre4ol_20T_audio.webm","7","13","13","0","14","definitely false","definitely true"
"audio_presentation","null","audio/filler_talker/7brghu4wnv_F8F_audio.webm","null","audio-keyboard-response","57","2.1.1","462712","axd8ghyc","1","accent_credibility_four_speakers","65ce8383935f026846d9171f","6a064f16ef0a871ecfc750ec","6a065014b838f8270639a66d","prolific","","","","","","","","F8","F8F","8","Audio item F8","F","false","filler","true","filler_talker","Filler Talker","filler","audio/filler_talker/7brghu4wnv_F8F_audio.webm","","","","","","",""
"truth_judgment","6618","
    <div class=""study-box center-text truth-scale-trial"">
      <div class=""big-question"">How true do you think the statement you just heard is?</div>
    </div>
  ","9","html-slider-response","58","2.1.0","469333","axd8ghyc","1","accent_credibility_four_speakers","65ce8383935f026846d9171f","6a064f16ef0a871ecfc750ec","6a065014b838f8270639a66d","prolific","","","","","","","","F8","F8F","8","Audio item F8","F","false","filler","true","filler_talker","Filler Talker","filler","audio/filler_talker/7brghu4wnv_F8F_audio.webm","7","9","9","0","14","definitely false","definitely true"
"audio_presentation","null","audio/non_native_1/6bqg3s4g4q_47F_audio.webm","null","audio-keyboard-response","59","2.1.1","473532","axd8ghyc","1","accent_credibility_four_speakers","65ce8383935f026846d9171f","6a064f16ef0a871ecfc750ec","6a065014b838f8270639a66d","prolific","","","","","","","","47","47F","47","Audio item 47","F","false","main","false","non_native_1","Non-native Speaker 1","non_native","audio/non_native_1/6bqg3s4g4q_47F_audio.webm","","","","","","",""
"truth_judgment","5151","
    <div class=""study-box center-text truth-scale-trial"">
      <div class=""big-question"">How true do you think the statement you just heard is?</div>
    </div>
  ","3","html-slider-response","60","2.1.0","478685","axd8ghyc","1","accent_credibility_four_speakers","65ce8383935f026846d9171f","6a064f16ef0a871ecfc750ec","6a065014b838f8270639a66d","prolific","","","","","","","","47","47F","47","Audio item 47","F","false","main","false","non_native_1","Non-native Speaker 1","non_native","audio/non_native_1/6bqg3s4g4q_47F_audio.webm","7","3","3","0","14","definitely false","definitely true"
"audio_presentation","null","audio/non_native_1/6bqg3s4g4q_3F_audio.webm","null","audio-keyboard-response","61","2.1.1","484162","axd8ghyc","1","accent_credibility_four_speakers","65ce8383935f026846d9171f","6a064f16ef0a871ecfc750ec","6a065014b838f8270639a66d","prolific","","","","","","","","3","3F","3","Audio item 3","F","false","main","false","non_native_1","Non-native Speaker 1","non_native","audio/non_native_1/6bqg3s4g4q_3F_audio.webm","","","","","","",""
"truth_judgment","3280","
    <div class=""study-box center-text truth-scale-trial"">
      <div class=""big-question"">How true do you think the statement you just heard is?</div>
    </div>
  ","13","html-slider-response","62","2.1.0","487444","axd8ghyc","1","accent_credibility_four_speakers","65ce8383935f026846d9171f","6a064f16ef0a871ecfc750ec","6a065014b838f8270639a66d","prolific","","","","","","","","3","3F","3","Audio item 3","F","false","main","false","non_native_1","Non-native Speaker 1","non_native","audio/non_native_1/6bqg3s4g4q_3F_audio.webm","7","13","13","0","14","definitely false","definitely true"
"audio_presentation","null","audio/native_1/ha77v84840_5T_audio.webm","null","audio-keyboard-response","63","2.1.1","492191","axd8ghyc","1","accent_credibility_four_speakers","65ce8383935f026846d9171f","6a064f16ef0a871ecfc750ec","6a065014b838f8270639a66d","prolific","","","","","","","","5","5T","5","Audio item 5","T","true","main","false","native_1","Native Speaker 1","native","audio/native_1/ha77v84840_5T_audio.webm","","","","","","",""
"truth_judgment","3124","
    <div class=""study-box center-text truth-scale-trial"">
      <div class=""big-question"">How true do you think the statement you just heard is?</div>
    </div>
  ","9","html-slider-response","64","2.1.0","495317","axd8ghyc","1","accent_credibility_four_speakers","65ce8383935f026846d9171f","6a064f16ef0a871ecfc750ec","6a065014b838f8270639a66d","prolific","","","","","","","","5","5T","5","Audio item 5","T","true","main","false","native_1","Native Speaker 1","native","audio/native_1/ha77v84840_5T_audio.webm","7","9","9","0","14","definitely false","definitely true"
"audio_presentation","null","audio/non_native_2/2j7bwre4ol_36F_audio.webm","null","audio-keyboard-response","65","2.1.1","499212","axd8ghyc","1","accent_credibility_four_speakers","65ce8383935f026846d9171f","6a064f16ef0a871ecfc750ec","6a065014b838f8270639a66d","prolific","","","","","","","","36","36F","36","Audio item 36","F","false","main","false","non_native_2","Non-native Speaker 2","non_native","audio/non_native_2/2j7bwre4ol_36F_audio.webm","","","","","","",""
"truth_judgment","7231","
    <div class=""study-box center-text truth-scale-trial"">
      <div class=""big-question"">How true do you think the statement you just heard is?</div>
    </div>
  ","2","html-slider-response","66","2.1.0","506444","axd8ghyc","1","accent_credibility_four_speakers","65ce8383935f026846d9171f","6a064f16ef0a871ecfc750ec","6a065014b838f8270639a66d","prolific","","","","","","","","36","36F","36","Audio item 36","F","false","main","false","non_native_2","Non-native Speaker 2","non_native","audio/non_native_2/2j7bwre4ol_36F_audio.webm","7","2","2","0","14","definitely false","definitely true"
"audio_presentation","null","audio/native_1/ha77v84840_41F_audio.webm","null","audio-keyboard-response","67","2.1.1","511432","axd8ghyc","1","accent_credibility_four_speakers","65ce8383935f026846d9171f","6a064f16ef0a871ecfc750ec","6a065014b838f8270639a66d","prolific","","","","","","","","41","41F","41","Audio item 41","F","false","main","false","native_1","Native Speaker 1","native","audio/native_1/ha77v84840_41F_audio.webm","","","","","","",""
"truth_judgment","4146","
    <div class=""study-box center-text truth-scale-trial"">
      <div class=""big-question"">How true do you think the statement you just heard is?</div>
    </div>
  ","12","html-slider-response","68","2.1.0","515581","axd8ghyc","1","accent_credibility_four_speakers","65ce8383935f026846d9171f","6a064f16ef0a871ecfc750ec","6a065014b838f8270639a66d","prolific","","","","","","","","41","41F","41","Audio item 41","F","false","main","false","native_1","Native Speaker 1","native","audio/native_1/ha77v84840_41F_audio.webm","7","12","12","0","14","definitely false","definitely true"
"audio_presentation","null","audio/native_1/ha77v84840_17T_audio.webm","null","audio-keyboard-response","69","2.1.1","519722","axd8ghyc","1","accent_credibility_four_speakers","65ce8383935f026846d9171f","6a064f16ef0a871ecfc750ec","6a065014b838f8270639a66d","prolific","","","","","","","","17","17T","17","Audio item 17","T","true","main","false","native_1","Native Speaker 1","native","audio/native_1/ha77v84840_17T_audio.webm","","","","","","",""
"truth_judgment","3560","
    <div class=""study-box center-text truth-scale-trial"">
      <div class=""big-question"">How true do you think the statement you just heard is?</div>
    </div>
  ","13","html-slider-response","70","2.1.0","523285","axd8ghyc","1","accent_credibility_four_speakers","65ce8383935f026846d9171f","6a064f16ef0a871ecfc750ec","6a065014b838f8270639a66d","prolific","","","","","","","","17","17T","17","Audio item 17","T","true","main","false","native_1","Native Speaker 1","native","audio/native_1/ha77v84840_17T_audio.webm","7","13","13","0","14","definitely false","definitely true"
"audio_presentation","null","audio/filler_talker/7brghu4wnv_F10F_audio.webm","null","audio-keyboard-response","71","2.1.1","527723","axd8ghyc","1","accent_credibility_four_speakers","65ce8383935f026846d9171f","6a064f16ef0a871ecfc750ec","6a065014b838f8270639a66d","prolific","","","","","","","","F10","F10F","10","Audio item F10","F","false","filler","true","filler_talker","Filler Talker","filler","audio/filler_talker/7brghu4wnv_F10F_audio.webm","","","","","","",""
"truth_judgment","5504","
    <div class=""study-box center-text truth-scale-trial"">
      <div class=""big-question"">How true do you think the statement you just heard is?</div>
    </div>
  ","14","html-slider-response","72","2.1.0","533228","axd8ghyc","1","accent_credibility_four_speakers","65ce8383935f026846d9171f","6a064f16ef0a871ecfc750ec","6a065014b838f8270639a66d","prolific","","","","","","","","F10","F10F","10","Audio item F10","F","false","filler","true","filler_talker","Filler Talker","filler","audio/filler_talker/7brghu4wnv_F10F_audio.webm","7","14","14","0","14","definitely false","definitely true"
"audio_presentation","null","audio/filler_talker/7brghu4wnv_F12T_audio.webm","null","audio-keyboard-response","73","2.1.1","537902","axd8ghyc","1","accent_credibility_four_speakers","65ce8383935f026846d9171f","6a064f16ef0a871ecfc750ec","6a065014b838f8270639a66d","prolific","","","","","","","","F12","F12T","12","Audio item F12","T","true","filler","true","filler_talker","Filler Talker","filler","audio/filler_talker/7brghu4wnv_F12T_audio.webm","","","","","","",""
"truth_judgment","4428","
    <div class=""study-box center-text truth-scale-trial"">
      <div class=""big-question"">How true do you think the statement you just heard is?</div>
    </div>
  ","9","html-slider-response","74","2.1.0","542332","axd8ghyc","1","accent_credibility_four_speakers","65ce8383935f026846d9171f","6a064f16ef0a871ecfc750ec","6a065014b838f8270639a66d","prolific","","","","","","","","F12","F12T","12","Audio item F12","T","true","filler","true","filler_talker","Filler Talker","filler","audio/filler_talker/7brghu4wnv_F12T_audio.webm","7","9","9","0","14","definitely false","definitely true"
"audio_presentation","null","audio/filler_talker/7brghu4wnv_F14F_audio.webm","null","audio-keyboard-response","75","2.1.1","547011","axd8ghyc","1","accent_credibility_four_speakers","65ce8383935f026846d9171f","6a064f16ef0a871ecfc750ec","6a065014b838f8270639a66d","prolific","","","","","","","","F14","F14F","14","Audio item F14","F","false","filler","true","filler_talker","Filler Talker","filler","audio/filler_talker/7brghu4wnv_F14F_audio.webm","","","","","","",""
"truth_judgment","9535","
    <div class=""study-box center-text truth-scale-trial"">
      <div class=""big-question"">How true do you think the statement you just heard is?</div>
    </div>
  ","7","html-slider-response","76","2.1.0","556549","axd8ghyc","1","accent_credibility_four_speakers","65ce8383935f026846d9171f","6a064f16ef0a871ecfc750ec","6a065014b838f8270639a66d","prolific","","","","","","","","F14","F14F","14","Audio item F14","F","false","filler","true","filler_talker","Filler Talker","filler","audio/filler_talker/7brghu4wnv_F14F_audio.webm","7","7","7","0","14","definitely false","definitely true"
"audio_presentation","null","audio/non_native_1/6bqg3s4g4q_23F_audio.webm","null","audio-keyboard-response","77","2.1.1","560622","axd8ghyc","1","accent_credibility_four_speakers","65ce8383935f026846d9171f","6a064f16ef0a871ecfc750ec","6a065014b838f8270639a66d","prolific","","","","","","","","23","23F","23","Audio item 23","F","false","main","false","non_native_1","Non-native Speaker 1","non_native","audio/non_native_1/6bqg3s4g4q_23F_audio.webm","","","","","","",""
"truth_judgment","13285","
    <div class=""study-box center-text truth-scale-trial"">
      <div class=""big-question"">How true do you think the statement you just heard is?</div>
    </div>
  ","5","html-slider-response","78","2.1.0","573908","axd8ghyc","1","accent_credibility_four_speakers","65ce8383935f026846d9171f","6a064f16ef0a871ecfc750ec","6a065014b838f8270639a66d","prolific","","","","","","","","23","23F","23","Audio item 23","F","false","main","false","non_native_1","Non-native Speaker 1","non_native","audio/non_native_1/6bqg3s4g4q_23F_audio.webm","7","5","5","0","14","definitely false","definitely true"
"audio_presentation","null","audio/native_2/6nhu1nbwba_46T_audio.webm","null","audio-keyboard-response","79","2.1.1","578341","axd8ghyc","1","accent_credibility_four_speakers","65ce8383935f026846d9171f","6a064f16ef0a871ecfc750ec","6a065014b838f8270639a66d","prolific","","","","","","","","46","46T","46","Audio item 46","T","true","main","false","native_2","Native Speaker 2","native","audio/native_2/6nhu1nbwba_46T_audio.webm","","","","","","",""
"truth_judgment","6463","
    <div class=""study-box center-text truth-scale-trial"">
      <div class=""big-question"">How true do you think the statement you just heard is?</div>
    </div>
  ","4","html-slider-response","80","2.1.0","584805","axd8ghyc","1","accent_credibility_four_speakers","65ce8383935f026846d9171f","6a064f16ef0a871ecfc750ec","6a065014b838f8270639a66d","prolific","","","","","","","","46","46T","46","Audio item 46","T","true","main","false","native_2","Native Speaker 2","native","audio/native_2/6nhu1nbwba_46T_audio.webm","7","4","4","0","14","definitely false","definitely true"
"audio_presentation","null","audio/native_2/6nhu1nbwba_38F_audio.webm","null","audio-keyboard-response","81","2.1.1","588711","axd8ghyc","1","accent_credibility_four_speakers","65ce8383935f026846d9171f","6a064f16ef0a871ecfc750ec","6a065014b838f8270639a66d","prolific","","","","","","","","38","38F","38","Audio item 38","F","false","main","false","native_2","Native Speaker 2","native","audio/native_2/6nhu1nbwba_38F_audio.webm","","","","","","",""
"truth_judgment","8075","
    <div class=""study-box center-text truth-scale-trial"">
      <div class=""big-question"">How true do you think the statement you just heard is?</div>
    </div>
  ","13","html-slider-response","82","2.1.0","596789","axd8ghyc","1","accent_credibility_four_speakers","65ce8383935f026846d9171f","6a064f16ef0a871ecfc750ec","6a065014b838f8270639a66d","prolific","","","","","","","","38","38F","38","Audio item 38","F","false","main","false","native_2","Native Speaker 2","native","audio/native_2/6nhu1nbwba_38F_audio.webm","7","13","13","0","14","definitely false","definitely true"
"audio_presentation","null","audio/filler_talker/7brghu4wnv_F6F_audio.webm","null","audio-keyboard-response","83","2.1.1","602181","axd8ghyc","1","accent_credibility_four_speakers","65ce8383935f026846d9171f","6a064f16ef0a871ecfc750ec","6a065014b838f8270639a66d","prolific","","","","","","","","F6","F6F","6","Audio item F6","F","false","filler","true","filler_talker","Filler Talker","filler","audio/filler_talker/7brghu4wnv_F6F_audio.webm","","","","","","",""
"truth_judgment","3077","
    <div class=""study-box center-text truth-scale-trial"">
      <div class=""big-question"">How true do you think the statement you just heard is?</div>
    </div>
  ","0","html-slider-response","84","2.1.0","605262","axd8ghyc","1","accent_credibility_four_speakers","65ce8383935f026846d9171f","6a064f16ef0a871ecfc750ec","6a065014b838f8270639a66d","prolific","","","","","","","","F6","F6F","6","Audio item F6","F","false","filler","true","filler_talker","Filler Talker","filler","audio/filler_talker/7brghu4wnv_F6F_audio.webm","7","0","0","0","14","definitely false","definitely true"
"audio_presentation","null","audio/filler_talker/7brghu4wnv_F7T_audio.webm","null","audio-keyboard-response","85","2.1.1","609580","axd8ghyc","1","accent_credibility_four_speakers","65ce8383935f026846d9171f","6a064f16ef0a871ecfc750ec","6a065014b838f8270639a66d","prolific","","","","","","","","F7","F7T","7","Audio item F7","T","true","filler","true","filler_talker","Filler Talker","filler","audio/filler_talker/7brghu4wnv_F7T_audio.webm","","","","","","",""
"truth_judgment","10823","
    <div class=""study-box center-text truth-scale-trial"">
      <div class=""big-question"">How true do you think the statement you just heard is?</div>
    </div>
  ","10","html-slider-response","86","2.1.0","620404","axd8ghyc","1","accent_credibility_four_speakers","65ce8383935f026846d9171f","6a064f16ef0a871ecfc750ec","6a065014b838f8270639a66d","prolific","","","","","","","","F7","F7T","7","Audio item F7","T","true","filler","true","filler_talker","Filler Talker","filler","audio/filler_talker/7brghu4wnv_F7T_audio.webm","7","10","10","0","14","definitely false","definitely true"
"audio_presentation","null","audio/native_2/6nhu1nbwba_14T_audio.webm","null","audio-keyboard-response","87","2.1.1","626521","axd8ghyc","1","accent_credibility_four_speakers","65ce8383935f026846d9171f","6a064f16ef0a871ecfc750ec","6a065014b838f8270639a66d","prolific","","","","","","","","14","14T","14","Audio item 14","T","true","main","false","native_2","Native Speaker 2","native","audio/native_2/6nhu1nbwba_14T_audio.webm","","","","","","",""
"truth_judgment","3632","
    <div class=""study-box center-text truth-scale-trial"">
      <div class=""big-question"">How true do you think the statement you just heard is?</div>
    </div>
  ","4","html-slider-response","88","2.1.0","630156","axd8ghyc","1","accent_credibility_four_speakers","65ce8383935f026846d9171f","6a064f16ef0a871ecfc750ec","6a065014b838f8270639a66d","prolific","","","","","","","","14","14T","14","Audio item 14","T","true","main","false","native_2","Native Speaker 2","native","audio/native_2/6nhu1nbwba_14T_audio.webm","7","4","4","0","14","definitely false","definitely true"
"audio_presentation","null","audio/native_1/ha77v84840_45F_audio.webm","null","audio-keyboard-response","89","2.1.1","634952","axd8ghyc","1","accent_credibility_four_speakers","65ce8383935f026846d9171f","6a064f16ef0a871ecfc750ec","6a065014b838f8270639a66d","prolific","","","","","","","","45","45F","45","Audio item 45","F","false","main","false","native_1","Native Speaker 1","native","audio/native_1/ha77v84840_45F_audio.webm","","","","","","",""
"truth_judgment","8577","
    <div class=""study-box center-text truth-scale-trial"">
      <div class=""big-question"">How true do you think the statement you just heard is?</div>
    </div>
  ","2","html-slider-response","90","2.1.0","643532","axd8ghyc","1","accent_credibility_four_speakers","65ce8383935f026846d9171f","6a064f16ef0a871ecfc750ec","6a065014b838f8270639a66d","prolific","","","","","","","","45","45F","45","Audio item 45","F","false","main","false","native_1","Native Speaker 1","native","audio/native_1/ha77v84840_45F_audio.webm","7","2","2","0","14","definitely false","definitely true"
"audio_presentation","null","audio/filler_talker/7brghu4wnv_F3T_audio.webm","null","audio-keyboard-response","91","2.1.1","646481","axd8ghyc","1","accent_credibility_four_speakers","65ce8383935f026846d9171f","6a064f16ef0a871ecfc750ec","6a065014b838f8270639a66d","prolific","","","","","","","","F3","F3T","3","Audio item F3","T","true","filler","true","filler_talker","Filler Talker","filler","audio/filler_talker/7brghu4wnv_F3T_audio.webm","","","","","","",""
"truth_judgment","17498","
    <div class=""study-box center-text truth-scale-trial"">
      <div class=""big-question"">How true do you think the statement you just heard is?</div>
    </div>
  ","13","html-slider-response","92","2.1.0","663980","axd8ghyc","1","accent_credibility_four_speakers","65ce8383935f026846d9171f","6a064f16ef0a871ecfc750ec","6a065014b838f8270639a66d","prolific","","","","","","","","F3","F3T","3","Audio item F3","T","true","filler","true","filler_talker","Filler Talker","filler","audio/filler_talker/7brghu4wnv_F3T_audio.webm","7","13","13","0","14","definitely false","definitely true"
"audio_presentation","null","audio/non_native_2/2j7bwre4ol_44T_audio.webm","null","audio-keyboard-response","93","2.1.1","667761","axd8ghyc","1","accent_credibility_four_speakers","65ce8383935f026846d9171f","6a064f16ef0a871ecfc750ec","6a065014b838f8270639a66d","prolific","","","","","","","","44","44T","44","Audio item 44","T","true","main","false","non_native_2","Non-native Speaker 2","non_native","audio/non_native_2/2j7bwre4ol_44T_audio.webm","","","","","","",""
"truth_judgment","6737","
    <div class=""study-box center-text truth-scale-trial"">
      <div class=""big-question"">How true do you think the statement you just heard is?</div>
    </div>
  ","13","html-slider-response","94","2.1.0","674500","axd8ghyc","1","accent_credibility_four_speakers","65ce8383935f026846d9171f","6a064f16ef0a871ecfc750ec","6a065014b838f8270639a66d","prolific","","","","","","","","44","44T","44","Audio item 44","T","true","main","false","non_native_2","Non-native Speaker 2","non_native","audio/non_native_2/2j7bwre4ol_44T_audio.webm","7","13","13","0","14","definitely false","definitely true"
"audio_presentation","null","audio/native_1/ha77v84840_13F_audio.webm","null","audio-keyboard-response","95","2.1.1","680140","axd8ghyc","1","accent_credibility_four_speakers","65ce8383935f026846d9171f","6a064f16ef0a871ecfc750ec","6a065014b838f8270639a66d","prolific","","","","","","","","13","13F","13","Audio item 13","F","false","main","false","native_1","Native Speaker 1","native","audio/native_1/ha77v84840_13F_audio.webm","","","","","","",""
"truth_judgment","5423","
    <div class=""study-box center-text truth-scale-trial"">
      <div class=""big-question"">How true do you think the statement you just heard is?</div>
    </div>
  ","5","html-slider-response","96","2.1.0","685564","axd8ghyc","1","accent_credibility_four_speakers","65ce8383935f026846d9171f","6a064f16ef0a871ecfc750ec","6a065014b838f8270639a66d","prolific","","","","","","","","13","13F","13","Audio item 13","F","false","main","false","native_1","Native Speaker 1","native","audio/native_1/ha77v84840_13F_audio.webm","7","5","5","0","14","definitely false","definitely true"
"audio_presentation","null","audio/filler_talker/7brghu4wnv_F16T_audio.webm","null","audio-keyboard-response","97","2.1.1","691151","axd8ghyc","1","accent_credibility_four_speakers","65ce8383935f026846d9171f","6a064f16ef0a871ecfc750ec","6a065014b838f8270639a66d","prolific","","","","","","","","F16","F16T","16","Audio item F16","T","true","filler","true","filler_talker","Filler Talker","filler","audio/filler_talker/7brghu4wnv_F16T_audio.webm","","","","","","",""
"truth_judgment","4491","
    <div class=""study-box center-text truth-scale-trial"">
      <div class=""big-question"">How true do you think the statement you just heard is?</div>
    </div>
  ","1","html-slider-response","98","2.1.0","695644","axd8ghyc","1","accent_credibility_four_speakers","65ce8383935f026846d9171f","6a064f16ef0a871ecfc750ec","6a065014b838f8270639a66d","prolific","","","","","","","","F16","F16T","16","Audio item F16","T","true","filler","true","filler_talker","Filler Talker","filler","audio/filler_talker/7brghu4wnv_F16T_audio.webm","7","1","1","0","14","definitely false","definitely true"
"audio_presentation","null","audio/non_native_1/6bqg3s4g4q_43T_audio.webm","null","audio-keyboard-response","99","2.1.1","700271","axd8ghyc","1","accent_credibility_four_speakers","65ce8383935f026846d9171f","6a064f16ef0a871ecfc750ec","6a065014b838f8270639a66d","prolific","","","","","","","","43","43T","43","Audio item 43","T","true","main","false","non_native_1","Non-native Speaker 1","non_native","audio/non_native_1/6bqg3s4g4q_43T_audio.webm","","","","","","",""
"truth_judgment","8707","
    <div class=""study-box center-text truth-scale-trial"">
      <div class=""big-question"">How true do you think the statement you just heard is?</div>
    </div>
  ","5","html-slider-response","100","2.1.0","708980","axd8ghyc","1","accent_credibility_four_speakers","65ce8383935f026846d9171f","6a064f16ef0a871ecfc750ec","6a065014b838f8270639a66d","prolific","","","","","","","","43","43T","43","Audio item 43","T","true","main","false","non_native_1","Non-native Speaker 1","non_native","audio/non_native_1/6bqg3s4g4q_43T_audio.webm","7","5","5","0","14","definitely false","definitely true"
"audio_presentation","null","audio/non_native_2/2j7bwre4ol_48T_audio.webm","null","audio-keyboard-response","101","2.1.1","713421","axd8ghyc","1","accent_credibility_four_speakers","65ce8383935f026846d9171f","6a064f16ef0a871ecfc750ec","6a065014b838f8270639a66d","prolific","","","","","","","","48","48T","48","Audio item 48","T","true","main","false","non_native_2","Non-native Speaker 2","non_native","audio/non_native_2/2j7bwre4ol_48T_audio.webm","","","","","","",""
"truth_judgment","4229","
    <div class=""study-box center-text truth-scale-trial"">
      <div class=""big-question"">How true do you think the statement you just heard is?</div>
    </div>
  ","11","html-slider-response","102","2.1.0","717651","axd8ghyc","1","accent_credibility_four_speakers","65ce8383935f026846d9171f","6a064f16ef0a871ecfc750ec","6a065014b838f8270639a66d","prolific","","","","","","","","48","48T","48","Audio item 48","T","true","main","false","non_native_2","Non-native Speaker 2","non_native","audio/non_native_2/2j7bwre4ol_48T_audio.webm","7","11","11","0","14","definitely false","definitely true"
"audio_presentation","null","audio/non_native_1/6bqg3s4g4q_27F_audio.webm","null","audio-keyboard-response","103","2.1.1","720651","axd8ghyc","1","accent_credibility_four_speakers","65ce8383935f026846d9171f","6a064f16ef0a871ecfc750ec","6a065014b838f8270639a66d","prolific","","","","","","","","27","27F","27","Audio item 27","F","false","main","false","non_native_1","Non-native Speaker 1","non_native","audio/non_native_1/6bqg3s4g4q_27F_audio.webm","","","","","","",""
"truth_judgment","5031","
    <div class=""study-box center-text truth-scale-trial"">
      <div class=""big-question"">How true do you think the statement you just heard is?</div>
    </div>
  ","10","html-slider-response","104","2.1.0","725683","axd8ghyc","1","accent_credibility_four_speakers","65ce8383935f026846d9171f","6a064f16ef0a871ecfc750ec","6a065014b838f8270639a66d","prolific","","","","","","","","27","27F","27","Audio item 27","F","false","main","false","non_native_1","Non-native Speaker 1","non_native","audio/non_native_1/6bqg3s4g4q_27F_audio.webm","7","10","10","0","14","definitely false","definitely true"
"audio_presentation","null","audio/non_native_1/6bqg3s4g4q_31F_audio.webm","null","audio-keyboard-response","105","2.1.1","728991","axd8ghyc","1","accent_credibility_four_speakers","65ce8383935f026846d9171f","6a064f16ef0a871ecfc750ec","6a065014b838f8270639a66d","prolific","","","","","","","","31","31F","31","Audio item 31","F","false","main","false","non_native_1","Non-native Speaker 1","non_native","audio/non_native_1/6bqg3s4g4q_31F_audio.webm","","","","","","",""
"truth_judgment","7939","
    <div class=""study-box center-text truth-scale-trial"">
      <div class=""big-question"">How true do you think the statement you just heard is?</div>
    </div>
  ","5","html-slider-response","106","2.1.0","736931","axd8ghyc","1","accent_credibility_four_speakers","65ce8383935f026846d9171f","6a064f16ef0a871ecfc750ec","6a065014b838f8270639a66d","prolific","","","","","","","","31","31F","31","Audio item 31","F","false","main","false","non_native_1","Non-native Speaker 1","non_native","audio/non_native_1/6bqg3s4g4q_31F_audio.webm","7","5","5","0","14","definitely false","definitely true"
"audio_presentation","null","audio/native_1/ha77v84840_33T_audio.webm","null","audio-keyboard-response","107","2.1.1","740721","axd8ghyc","1","accent_credibility_four_speakers","65ce8383935f026846d9171f","6a064f16ef0a871ecfc750ec","6a065014b838f8270639a66d","prolific","","","","","","","","33","33T","33","Audio item 33","T","true","main","false","native_1","Native Speaker 1","native","audio/native_1/ha77v84840_33T_audio.webm","","","","","","",""
"truth_judgment","4009","
    <div class=""study-box center-text truth-scale-trial"">
      <div class=""big-question"">How true do you think the statement you just heard is?</div>
    </div>
  ","11","html-slider-response","108","2.1.0","744732","axd8ghyc","1","accent_credibility_four_speakers","65ce8383935f026846d9171f","6a064f16ef0a871ecfc750ec","6a065014b838f8270639a66d","prolific","","","","","","","","33","33T","33","Audio item 33","T","true","main","false","native_1","Native Speaker 1","native","audio/native_1/ha77v84840_33T_audio.webm","7","11","11","0","14","definitely false","definitely true"
"audio_presentation","null","audio/non_native_2/2j7bwre4ol_32T_audio.webm","null","audio-keyboard-response","109","2.1.1","747681","axd8ghyc","1","accent_credibility_four_speakers","65ce8383935f026846d9171f","6a064f16ef0a871ecfc750ec","6a065014b838f8270639a66d","prolific","","","","","","","","32","32T","32","Audio item 32","T","true","main","false","non_native_2","Non-native Speaker 2","non_native","audio/non_native_2/2j7bwre4ol_32T_audio.webm","","","","","","",""
"truth_judgment","4921","
    <div class=""study-box center-text truth-scale-trial"">
      <div class=""big-question"">How true do you think the statement you just heard is?</div>
    </div>
  ","13","html-slider-response","110","2.1.0","752604","axd8ghyc","1","accent_credibility_four_speakers","65ce8383935f026846d9171f","6a064f16ef0a871ecfc750ec","6a065014b838f8270639a66d","prolific","","","","","","","","32","32T","32","Audio item 32","T","true","main","false","non_native_2","Non-native Speaker 2","non_native","audio/non_native_2/2j7bwre4ol_32T_audio.webm","7","13","13","0","14","definitely false","definitely true"
"audio_presentation","null","audio/non_native_2/2j7bwre4ol_40T_audio.webm","null","audio-keyboard-response","111","2.1.1","757591","axd8ghyc","1","accent_credibility_four_speakers","65ce8383935f026846d9171f","6a064f16ef0a871ecfc750ec","6a065014b838f8270639a66d","prolific","","","","","","","","40","40T","40","Audio item 40","T","true","main","false","non_native_2","Non-native Speaker 2","non_native","audio/non_native_2/2j7bwre4ol_40T_audio.webm","","","","","","",""
"truth_judgment","3922","
    <div class=""study-box center-text truth-scale-trial"">
      <div class=""big-question"">How true do you think the statement you just heard is?</div>
    </div>
  ","11","html-slider-response","112","2.1.0","761516","axd8ghyc","1","accent_credibility_four_speakers","65ce8383935f026846d9171f","6a064f16ef0a871ecfc750ec","6a065014b838f8270639a66d","prolific","","","","","","","","40","40T","40","Audio item 40","T","true","main","false","non_native_2","Non-native Speaker 2","non_native","audio/non_native_2/2j7bwre4ol_40T_audio.webm","7","11","11","0","14","definitely false","definitely true"
"audio_presentation","null","audio/non_native_2/2j7bwre4ol_12F_audio.webm","null","audio-keyboard-response","113","2.1.1","766791","axd8ghyc","1","accent_credibility_four_speakers","65ce8383935f026846d9171f","6a064f16ef0a871ecfc750ec","6a065014b838f8270639a66d","prolific","","","","","","","","12","12F","12","Audio item 12","F","false","main","false","non_native_2","Non-native Speaker 2","non_native","audio/non_native_2/2j7bwre4ol_12F_audio.webm","","","","","","",""
"truth_judgment","3907","
    <div class=""study-box center-text truth-scale-trial"">
      <div class=""big-question"">How true do you think the statement you just heard is?</div>
    </div>
  ","4","html-slider-response","114","2.1.0","770700","axd8ghyc","1","accent_credibility_four_speakers","65ce8383935f026846d9171f","6a064f16ef0a871ecfc750ec","6a065014b838f8270639a66d","prolific","","","","","","","","12","12F","12","Audio item 12","F","false","main","false","non_native_2","Non-native Speaker 2","non_native","audio/non_native_2/2j7bwre4ol_12F_audio.webm","7","4","4","0","14","definitely false","definitely true"
"audio_presentation","null","audio/native_1/ha77v84840_37T_audio.webm","null","audio-keyboard-response","115","2.1.1","774541","axd8ghyc","1","accent_credibility_four_speakers","65ce8383935f026846d9171f","6a064f16ef0a871ecfc750ec","6a065014b838f8270639a66d","prolific","","","","","","","","37","37T","37","Audio item 37","T","true","main","false","native_1","Native Speaker 1","native","audio/native_1/ha77v84840_37T_audio.webm","","","","","","",""
"truth_judgment","5596","
    <div class=""study-box center-text truth-scale-trial"">
      <div class=""big-question"">How true do you think the statement you just heard is?</div>
    </div>
  ","12","html-slider-response","116","2.1.0","780139","axd8ghyc","1","accent_credibility_four_speakers","65ce8383935f026846d9171f","6a064f16ef0a871ecfc750ec","6a065014b838f8270639a66d","prolific","","","","","","","","37","37T","37","Audio item 37","T","true","main","false","native_1","Native Speaker 1","native","audio/native_1/ha77v84840_37T_audio.webm","7","12","12","0","14","definitely false","definitely true"
"audio_presentation","null","audio/non_native_1/6bqg3s4g4q_7F_audio.webm","null","audio-keyboard-response","117","2.1.1","785361","axd8ghyc","1","accent_credibility_four_speakers","65ce8383935f026846d9171f","6a064f16ef0a871ecfc750ec","6a065014b838f8270639a66d","prolific","","","","","","","","7","7F","7","Audio item 7","F","false","main","false","non_native_1","Non-native Speaker 1","non_native","audio/non_native_1/6bqg3s4g4q_7F_audio.webm","","","","","","",""
"truth_judgment","9328","
    <div class=""study-box center-text truth-scale-trial"">
      <div class=""big-question"">How true do you think the statement you just heard is?</div>
    </div>
  ","4","html-slider-response","118","2.1.0","794691","axd8ghyc","1","accent_credibility_four_speakers","65ce8383935f026846d9171f","6a064f16ef0a871ecfc750ec","6a065014b838f8270639a66d","prolific","","","","","","","","7","7F","7","Audio item 7","F","false","main","false","non_native_1","Non-native Speaker 1","non_native","audio/non_native_1/6bqg3s4g4q_7F_audio.webm","7","4","4","0","14","definitely false","definitely true"
"audio_presentation","null","audio/non_native_1/6bqg3s4g4q_39T_audio.webm","null","audio-keyboard-response","119","2.1.1","799680","axd8ghyc","1","accent_credibility_four_speakers","65ce8383935f026846d9171f","6a064f16ef0a871ecfc750ec","6a065014b838f8270639a66d","prolific","","","","","","","","39","39T","39","Audio item 39","T","true","main","false","non_native_1","Non-native Speaker 1","non_native","audio/non_native_1/6bqg3s4g4q_39T_audio.webm","","","","","","",""
"truth_judgment","4921","
    <div class=""study-box center-text truth-scale-trial"">
      <div class=""big-question"">How true do you think the statement you just heard is?</div>
    </div>
  ","13","html-slider-response","120","2.1.0","804603","axd8ghyc","1","accent_credibility_four_speakers","65ce8383935f026846d9171f","6a064f16ef0a871ecfc750ec","6a065014b838f8270639a66d","prolific","","","","","","","","39","39T","39","Audio item 39","T","true","main","false","non_native_1","Non-native Speaker 1","non_native","audio/non_native_1/6bqg3s4g4q_39T_audio.webm","7","13","13","0","14","definitely false","definitely true"
"audio_presentation","null","audio/non_native_1/6bqg3s4g4q_15T_audio.webm","null","audio-keyboard-response","121","2.1.1","811440","axd8ghyc","1","accent_credibility_four_speakers","65ce8383935f026846d9171f","6a064f16ef0a871ecfc750ec","6a065014b838f8270639a66d","prolific","","","","","","","","15","15T","15","Audio item 15","T","true","main","false","non_native_1","Non-native Speaker 1","non_native","audio/non_native_1/6bqg3s4g4q_15T_audio.webm","","","","","","",""
"truth_judgment","3617","
    <div class=""study-box center-text truth-scale-trial"">
      <div class=""big-question"">How true do you think the statement you just heard is?</div>
    </div>
  ","10","html-slider-response","122","2.1.0","815059","axd8ghyc","1","accent_credibility_four_speakers","65ce8383935f026846d9171f","6a064f16ef0a871ecfc750ec","6a065014b838f8270639a66d","prolific","","","","","","","","15","15T","15","Audio item 15","T","true","main","false","non_native_1","Non-native Speaker 1","non_native","audio/non_native_1/6bqg3s4g4q_15T_audio.webm","7","10","10","0","14","definitely false","definitely true"
"audio_presentation","null","audio/native_2/6nhu1nbwba_2T_audio.webm","null","audio-keyboard-response","123","2.1.1","819860","axd8ghyc","1","accent_credibility_four_speakers","65ce8383935f026846d9171f","6a064f16ef0a871ecfc750ec","6a065014b838f8270639a66d","prolific","","","","","","","","2","2T","2","Audio item 2","T","true","main","false","native_2","Native Speaker 2","native","audio/native_2/6nhu1nbwba_2T_audio.webm","","","","","","",""
"truth_judgment","7118","
    <div class=""study-box center-text truth-scale-trial"">
      <div class=""big-question"">How true do you think the statement you just heard is?</div>
    </div>
  ","5","html-slider-response","124","2.1.0","826980","axd8ghyc","1","accent_credibility_four_speakers","65ce8383935f026846d9171f","6a064f16ef0a871ecfc750ec","6a065014b838f8270639a66d","prolific","","","","","","","","2","2T","2","Audio item 2","T","true","main","false","native_2","Native Speaker 2","native","audio/native_2/6nhu1nbwba_2T_audio.webm","7","5","5","0","14","definitely false","definitely true"
"audio_presentation","null","audio/filler_talker/7brghu4wnv_F13F_audio.webm","null","audio-keyboard-response","125","2.1.1","831060","axd8ghyc","1","accent_credibility_four_speakers","65ce8383935f026846d9171f","6a064f16ef0a871ecfc750ec","6a065014b838f8270639a66d","prolific","","","","","","","","F13","F13F","13","Audio item F13","F","false","filler","true","filler_talker","Filler Talker","filler","audio/filler_talker/7brghu4wnv_F13F_audio.webm","","","","","","",""
"truth_judgment","6622","
    <div class=""study-box center-text truth-scale-trial"">
      <div class=""big-question"">How true do you think the statement you just heard is?</div>
    </div>
  ","9","html-slider-response","126","2.1.0","837683","axd8ghyc","1","accent_credibility_four_speakers","65ce8383935f026846d9171f","6a064f16ef0a871ecfc750ec","6a065014b838f8270639a66d","prolific","","","","","","","","F13","F13F","13","Audio item F13","F","false","filler","true","filler_talker","Filler Talker","filler","audio/filler_talker/7brghu4wnv_F13F_audio.webm","7","9","9","0","14","definitely false","definitely true"
"audio_presentation","null","audio/native_1/ha77v84840_9T_audio.webm","null","audio-keyboard-response","127","2.1.1","841110","axd8ghyc","1","accent_credibility_four_speakers","65ce8383935f026846d9171f","6a064f16ef0a871ecfc750ec","6a065014b838f8270639a66d","prolific","","","","","","","","9","9T","9","Audio item 9","T","true","main","false","native_1","Native Speaker 1","native","audio/native_1/ha77v84840_9T_audio.webm","","","","","","",""
"truth_judgment","3020","
    <div class=""study-box center-text truth-scale-trial"">
      <div class=""big-question"">How true do you think the statement you just heard is?</div>
    </div>
  ","14","html-slider-response","128","2.1.0","844131","axd8ghyc","1","accent_credibility_four_speakers","65ce8383935f026846d9171f","6a064f16ef0a871ecfc750ec","6a065014b838f8270639a66d","prolific","","","","","","","","9","9T","9","Audio item 9","T","true","main","false","native_1","Native Speaker 1","native","audio/native_1/ha77v84840_9T_audio.webm","7","14","14","0","14","definitely false","definitely true"
"audio_presentation","null","audio/filler_talker/7brghu4wnv_F4T_audio.webm","null","audio-keyboard-response","129","2.1.1","850320","axd8ghyc","1","accent_credibility_four_speakers","65ce8383935f026846d9171f","6a064f16ef0a871ecfc750ec","6a065014b838f8270639a66d","prolific","","","","","","","","F4","F4T","4","Audio item F4","T","true","filler","true","filler_talker","Filler Talker","filler","audio/filler_talker/7brghu4wnv_F4T_audio.webm","","","","","","",""
"truth_judgment","2970","
    <div class=""study-box center-text truth-scale-trial"">
      <div class=""big-question"">How true do you think the statement you just heard is?</div>
    </div>
  ","2","html-slider-response","130","2.1.0","853292","axd8ghyc","1","accent_credibility_four_speakers","65ce8383935f026846d9171f","6a064f16ef0a871ecfc750ec","6a065014b838f8270639a66d","prolific","","","","","","","","F4","F4T","4","Audio item F4","T","true","filler","true","filler_talker","Filler Talker","filler","audio/filler_talker/7brghu4wnv_F4T_audio.webm","7","2","2","0","14","definitely false","definitely true"
"audio_presentation","null","audio/filler_talker/7brghu4wnv_F5F_audio.webm","null","audio-keyboard-response","131","2.1.1","856959","axd8ghyc","1","accent_credibility_four_speakers","65ce8383935f026846d9171f","6a064f16ef0a871ecfc750ec","6a065014b838f8270639a66d","prolific","","","","","","","","F5","F5F","5","Audio item F5","F","false","filler","true","filler_talker","Filler Talker","filler","audio/filler_talker/7brghu4wnv_F5F_audio.webm","","","","","","",""
"truth_judgment","4955","
    <div class=""study-box center-text truth-scale-trial"">
      <div class=""big-question"">How true do you think the statement you just heard is?</div>
    </div>
  ","11","html-slider-response","132","2.1.0","861915","axd8ghyc","1","accent_credibility_four_speakers","65ce8383935f026846d9171f","6a064f16ef0a871ecfc750ec","6a065014b838f8270639a66d","prolific","","","","","","","","F5","F5F","5","Audio item F5","F","false","filler","true","filler_talker","Filler Talker","filler","audio/filler_talker/7brghu4wnv_F5F_audio.webm","7","11","11","0","14","definitely false","definitely true"
"audio_presentation","null","audio/native_2/6nhu1nbwba_42F_audio.webm","null","audio-keyboard-response","133","2.1.1","866290","axd8ghyc","1","accent_credibility_four_speakers","65ce8383935f026846d9171f","6a064f16ef0a871ecfc750ec","6a065014b838f8270639a66d","prolific","","","","","","","","42","42F","42","Audio item 42","F","false","main","false","native_2","Native Speaker 2","native","audio/native_2/6nhu1nbwba_42F_audio.webm","","","","","","",""
"truth_judgment","3951","
    <div class=""study-box center-text truth-scale-trial"">
      <div class=""big-question"">How true do you think the statement you just heard is?</div>
    </div>
  ","13","html-slider-response","134","2.1.0","870243","axd8ghyc","1","accent_credibility_four_speakers","65ce8383935f026846d9171f","6a064f16ef0a871ecfc750ec","6a065014b838f8270639a66d","prolific","","","","","","","","42","42F","42","Audio item 42","F","false","main","false","native_2","Native Speaker 2","native","audio/native_2/6nhu1nbwba_42F_audio.webm","7","13","13","0","14","definitely false","definitely true"
"audio_presentation","null","audio/native_2/6nhu1nbwba_22T_audio.webm","null","audio-keyboard-response","135","2.1.1","874200","axd8ghyc","1","accent_credibility_four_speakers","65ce8383935f026846d9171f","6a064f16ef0a871ecfc750ec","6a065014b838f8270639a66d","prolific","","","","","","","","22","22T","22","Audio item 22","T","true","main","false","native_2","Native Speaker 2","native","audio/native_2/6nhu1nbwba_22T_audio.webm","","","","","","",""
"truth_judgment","6297","
    <div class=""study-box center-text truth-scale-trial"">
      <div class=""big-question"">How true do you think the statement you just heard is?</div>
    </div>
  ","10","html-slider-response","136","2.1.0","880499","axd8ghyc","1","accent_credibility_four_speakers","65ce8383935f026846d9171f","6a064f16ef0a871ecfc750ec","6a065014b838f8270639a66d","prolific","","","","","","","","22","22T","22","Audio item 22","T","true","main","false","native_2","Native Speaker 2","native","audio/native_2/6nhu1nbwba_22T_audio.webm","7","10","10","0","14","definitely false","definitely true"
"audio_presentation","null","audio/filler_talker/7brghu4wnv_F15F_audio.webm","null","audio-keyboard-response","137","2.1.1","885960","axd8ghyc","1","accent_credibility_four_speakers","65ce8383935f026846d9171f","6a064f16ef0a871ecfc750ec","6a065014b838f8270639a66d","prolific","","","","","","","","F15","F15F","15","Audio item F15","F","false","filler","true","filler_talker","Filler Talker","filler","audio/filler_talker/7brghu4wnv_F15F_audio.webm","","","","","","",""
"truth_judgment","4808","
    <div class=""study-box center-text truth-scale-trial"">
      <div class=""big-question"">How true do you think the statement you just heard is?</div>
    </div>
  ","13","html-slider-response","138","2.1.0","890771","axd8ghyc","1","accent_credibility_four_speakers","65ce8383935f026846d9171f","6a064f16ef0a871ecfc750ec","6a065014b838f8270639a66d","prolific","","","","","","","","F15","F15F","15","Audio item F15","F","false","filler","true","filler_talker","Filler Talker","filler","audio/filler_talker/7brghu4wnv_F15F_audio.webm","7","13","13","0","14","definitely false","definitely true"
"audio_presentation","null","audio/native_1/ha77v84840_1F_audio.webm","null","audio-keyboard-response","139","2.1.1","897130","axd8ghyc","1","accent_credibility_four_speakers","65ce8383935f026846d9171f","6a064f16ef0a871ecfc750ec","6a065014b838f8270639a66d","prolific","","","","","","","","1","1F","1","Audio item 1","F","false","main","false","native_1","Native Speaker 1","native","audio/native_1/ha77v84840_1F_audio.webm","","","","","","",""
"truth_judgment","10551","
    <div class=""study-box center-text truth-scale-trial"">
      <div class=""big-question"">How true do you think the statement you just heard is?</div>
    </div>
  ","7","html-slider-response","140","2.1.0","907683","axd8ghyc","1","accent_credibility_four_speakers","65ce8383935f026846d9171f","6a064f16ef0a871ecfc750ec","6a065014b838f8270639a66d","prolific","","","","","","","","1","1F","1","Audio item 1","F","false","main","false","native_1","Native Speaker 1","native","audio/native_1/ha77v84840_1F_audio.webm","7","7","7","0","14","definitely false","definitely true"
"final_screen","3125","
        <div class=""study-box center-text"">
          <h2>End of Study</h2>
          <p>Thank you for participating.</p>
          <p>Click the button below to finish and send your responses securely to the study server.</p>
        </div>
      ","0","html-button-response","141","2.1.0","910824","axd8ghyc","1","accent_credibility_four_speakers","65ce8383935f026846d9171f","6a064f16ef0a871ecfc750ec","6a065014b838f8270639a66d","prolific","","","","","","","","","","","","","","","","","","","","","","","","","",""
